"","diff","lwr","upr","p adj"
"75:Treatment-16:Control",10.4579072293333,3.35283380534867,17.562980653318,0.00354179758863116
"75:Treatment-75:Control",7.52276865833333,0.417695234348675,14.627842082318,0.0358751902094215
